,Air temperature [K],Air temperature [K],Process temperature [K],Process temperature [K],Rotational speed [rpm],Rotational speed [rpm],Torque [Nm],Torque [Nm]
,mean,std,mean,std,mean,std,mean,std
Product Quality,,,,,,,,
H,299.866999002991,2.0218313636089564,309.9257228315055,1.4893622632002264,1538.1475573280159,173.13342771957016,39.838285144566306,9.642338951185524
L,300.0158333333333,1.987453387474656,310.0123,1.475247358623977,1539.4691666666668,180.4285180461397,39.9966,10.012335371094183
M,300.02926259592925,2.017358223614002,310.0187854521188,1.4984072962924657,1537.598932265599,179.0598276219946,40.01725058391725,9.992152764583057
